mains,epsilon,perte,bb100_recent,mains_par_s,eta_min
100,0.999,nan,-1824.5,194.8,26
200,0.999,nan,-1526.5,207.0,24
300,0.998,nan,-1437.7,204.7,24
400,0.998,nan,-1466.9,209.0,24
500,0.997,nan,-1326.8,209.2,24
600,0.997,nan,-1292.0,208.9,24
700,0.996,nan,-1330.4,203.8,24
800,0.996,nan,-1360.6,204.2,24
900,0.995,0.2982,-1210.3,151.4,33
1000,0.995,0.25689,-1138.5,60.3,83
1100,0.994,0.17564,-1168.4,42.7,117
1200,0.994,0.13142,-1071.1,33.7,148
1300,0.993,0.12521,-1121.0,28.3,176
1400,0.993,0.12177,-1110.6,26.6,187
1500,0.992,0.12204,-1106.9,26.4,189
1600,0.992,0.1264,-1105.2,25.3,197
1700,0.991,0.12492,-1048.2,25.0,199
1800,0.991,0.12236,-942.8,24.5,203
1900,0.99,0.12405,-905.9,24.2,206
2000,0.989,0.12351,-890.2,24.0,207
2100,0.989,0.12908,-883.9,24.0,207
2200,0.988,0.13154,-891.1,23.1,214
2300,0.988,0.13252,-843.8,23.0,216
2400,0.987,0.13421,-827.4,22.8,218
2500,0.987,0.13255,-825.2,22.4,221
2600,0.986,0.13726,-828.6,21.5,230
2700,0.986,0.14106,-804.1,21.5,230
2800,0.985,0.14242,-743.8,21.4,232
2900,0.985,0.14145,-771.9,21.0,235
3000,0.984,0.14352,-797.5,20.9,237
3100,0.984,0.14793,-727.5,19.6,252
3200,0.983,0.15108,-726.0,19.2,257
3300,0.983,0.1506,-647.2,19.0,260
3400,0.982,0.15082,-633.8,19.1,259
3500,0.982,0.14978,-616.9,19.1,259
3600,0.981,0.14534,-545.5,19.2,258
3700,0.98,0.14483,-574.6,18.9,262
3800,0.98,0.14493,-576.2,18.5,266
3900,0.979,0.14404,-610.3,18.5,267
4000,0.979,0.14644,-577.9,18.4,268
4100,0.978,0.14993,-527.5,18.3,269
4200,0.978,0.14957,-478.0,18.3,269
4300,0.977,0.14653,-492.1,18.3,269
4400,0.977,0.14693,-420.0,18.2,271
4500,0.976,0.14868,-439.6,18.2,270
4600,0.976,0.14594,-408.1,18.1,272
4700,0.975,0.14068,-387.2,18.1,272
4800,0.975,0.13828,-312.0,18.0,273
4900,0.974,0.13796,-284.3,17.7,277
5000,0.974,0.14054,-273.9,17.8,277
5100,0.973,0.14268,-255.5,17.7,277
5200,0.973,0.14219,-225.6,17.6,280
5300,0.972,0.14064,-255.2,17.5,281
5400,0.972,0.14197,-260.8,17.3,284
5500,0.971,0.14167,-213.5,17.2,286
5600,0.97,0.14408,-233.1,17.2,285
5700,0.97,0.14468,-221.5,17.2,286
5800,0.969,0.14338,-310.0,17.2,286
5900,0.969,0.1424,-272.4,17.1,287
6000,0.968,0.14496,-297.3,16.7,293
6100,0.968,0.14877,-278.5,16.7,293
6200,0.967,0.15092,-268.9,16.8,292
6300,0.967,0.15149,-246.3,16.8,292
6400,0.966,0.15114,-259.9,16.8,292
6500,0.966,0.15046,-184.1,16.8,292
6600,0.965,0.14677,-166.3,16.7,292
6700,0.965,0.14359,-161.1,16.6,294
6800,0.964,0.142,-197.9,16.7,293
6900,0.964,0.14146,-232.1,16.6,294
7000,0.963,0.14235,-202.6,16.6,295
7100,0.963,0.14319,-248.5,16.5,295
7200,0.962,0.14416,-380.8,16.6,295
7300,0.961,0.1444,-393.7,16.4,298
7400,0.961,0.14462,-396.4,16.4,297
7500,0.96,0.1436,-449.1,16.4,298
7600,0.96,0.13952,-404.1,16.3,300
7700,0.959,0.13756,-357.0,16.3,299
7800,0.959,0.13799,-237.8,16.3,298
7900,0.958,0.13832,-227.6,16.4,297
8000,0.958,0.1378,-250.0,16.4,297
8100,0.957,0.1406,-205.7,16.3,299
8200,0.957,0.13976,-242.6,16.3,298
8300,0.956,0.13888,-297.1,16.4,297
8400,0.956,0.13894,-314.7,16.3,297
8500,0.955,0.13798,-335.3,16.4,297
8600,0.955,0.1405,-366.1,16.4,296
8700,0.954,0.1397,-321.2,16.4,296
8800,0.954,0.13765,-374.1,16.5,295
8900,0.953,0.1381,-390.6,16.5,294
9000,0.953,0.13585,-386.6,16.5,293
9100,0.952,0.13742,-342.3,16.4,295
9200,0.951,0.13635,-301.4,16.4,296
9300,0.951,0.13821,-257.1,16.4,295
9400,0.95,0.13941,-283.3,16.4,295
9500,0.95,0.13698,-253.0,16.4,296
9600,0.949,0.14209,-328.6,16.4,295
9700,0.949,0.14611,-412.0,16.3,297
9800,0.948,0.14471,-476.8,16.2,299
9900,0.948,0.14585,-532.2,16.2,298
10000,0.947,0.14061,-471.8,16.2,298
10100,0.947,0.14268,-560.0,15.9,304
10200,0.946,0.1437,-526.5,15.9,304
10300,0.946,0.14526,-489.8,15.9,304
10400,0.945,0.14662,-483.9,15.9,303
10500,0.945,0.14609,-500.5,16.0,302
10600,0.944,0.14514,-543.4,16.0,302
10700,0.944,0.14181,-607.3,16.0,301
10800,0.943,0.14198,-547.9,16.0,300
10900,0.942,0.1418,-497.2,15.9,302
11000,0.942,0.14004,-565.6,15.9,303
11100,0.941,0.13914,-586.1,15.7,306
11200,0.941,0.1362,-602.7,15.5,310
11300,0.94,0.13523,-540.0,15.3,314
11400,0.94,0.13522,-544.4,15.2,316
11500,0.939,0.13695,-586.8,15.1,318
11600,0.939,0.13592,-577.9,15.0,320
11700,0.938,0.13497,-541.3,14.9,323
11800,0.938,0.13439,-568.4,14.7,326
11900,0.937,0.13609,-494.2,14.7,326
12000,0.937,0.13549,-540.2,14.7,326
12100,0.936,0.13492,-497.8,14.7,327
12200,0.936,0.13664,-592.6,14.6,328
12300,0.935,0.1365,-521.2,14.6,329
12400,0.935,0.13816,-487.4,14.4,333
12500,0.934,0.13628,-490.6,14.3,334
12600,0.933,0.1405,-383.1,14.3,336
12700,0.933,0.14027,-338.6,14.2,336
12800,0.932,0.13923,-384.7,14.2,337
12900,0.932,0.14092,-406.8,14.2,338
13000,0.931,0.142,-372.9,14.1,339
13100,0.931,0.13996,-316.8,14.1,338
13200,0.93,0.14053,-261.0,14.1,338
13300,0.93,0.1394,-328.6,14.2,337
13400,0.929,0.13719,-261.7,14.2,336
13500,0.929,0.13771,-241.2,14.2,336
13600,0.928,0.13855,-276.7,14.2,336
13700,0.928,0.14054,-288.5,14.2,336
13800,0.927,0.1406,-325.8,14.2,336
13900,0.927,0.14116,-316.0,14.2,336
14000,0.926,0.14291,-304.6,14.2,335
14100,0.926,0.14101,-358.8,14.2,335
14200,0.925,0.14286,-331.6,14.1,337
14300,0.925,0.14296,-401.0,14.1,338
14400,0.924,0.1417,-457.2,14.0,339
14500,0.923,0.14082,-520.4,14.0,339
14600,0.923,0.14021,-536.0,14.1,338
14700,0.922,0.13915,-562.5,14.0,338
14800,0.922,0.14006,-567.4,14.1,337
14900,0.921,0.13847,-568.5,14.1,337
15000,0.921,0.13937,-527.7,14.2,336
15100,0.92,0.13886,-545.0,14.2,335
15200,0.92,0.13981,-504.3,14.2,334
15300,0.919,0.13969,-493.2,14.2,334
15400,0.919,0.13716,-535.2,14.3,333
15500,0.918,0.13726,-469.3,14.3,332
15600,0.918,0.13883,-462.6,14.3,331
15700,0.917,0.13909,-419.4,14.3,331
15800,0.917,0.14071,-391.7,14.3,331
15900,0.916,0.14121,-468.2,14.3,332
16000,0.916,0.14013,-510.3,14.3,332
16100,0.915,0.13972,-499.4,14.2,333
16200,0.914,0.14225,-445.5,14.1,336
16300,0.914,0.14215,-439.3,14.0,339
16400,0.913,0.14383,-405.0,13.9,341
16500,0.913,0.14452,-321.1,13.8,342
16600,0.912,0.14419,-313.2,13.9,341
16700,0.912,0.14335,-279.9,13.8,341
16800,0.911,0.14405,-266.5,13.8,341
16900,0.911,0.14201,-259.4,13.8,342
17000,0.91,0.14163,-301.7,13.8,341
17100,0.91,0.14512,-357.6,13.9,340
17200,0.909,0.14588,-427.5,13.9,339
17300,0.909,0.14496,-462.9,13.9,339
17400,0.908,0.14444,-402.5,13.9,339
17500,0.908,0.14524,-411.4,13.8,342
17600,0.907,0.14523,-421.2,13.8,342
17700,0.907,0.14253,-500.8,13.8,342
17800,0.906,0.1414,-535.6,13.7,343
17900,0.906,0.14428,-487.9,13.7,343
18000,0.905,0.14347,-499.5,13.7,343
18100,0.904,0.14203,-497.5,13.7,343
18200,0.904,0.14293,-481.2,13.7,343
18300,0.903,0.14293,-455.8,13.7,342
18400,0.903,0.14378,-475.8,13.7,342
18500,0.902,0.1455,-474.1,13.7,341
18600,0.902,0.14623,-479.6,13.8,341
18700,0.901,0.1453,-542.9,13.8,340
18800,0.901,0.14373,-608.2,13.8,341
18900,0.9,0.14371,-643.5,13.7,342
19000,0.9,0.14379,-656.9,13.5,346
19100,0.899,0.14558,-716.7,13.4,348
19200,0.899,0.14491,-675.1,13.4,349
19300,0.898,0.14363,-670.5,13.4,349
19400,0.898,0.14465,-727.1,13.4,350
19500,0.897,0.14413,-773.3,13.3,352
19600,0.897,0.14414,-778.7,13.2,354
19700,0.896,0.14442,-739.9,13.1,356
19800,0.895,0.14325,-700.9,13.0,359
19900,0.895,0.14093,-723.3,13.0,360
20000,0.894,0.14339,-613.8,13.0,360
20100,0.894,0.14556,-572.4,12.8,365
20200,0.893,0.14719,-600.7,12.7,366
20300,0.893,0.14694,-621.8,12.7,367
20400,0.892,0.14737,-588.0,12.7,368
20500,0.892,0.14482,-601.4,12.6,369
20600,0.891,0.14526,-608.2,12.6,369
20700,0.891,0.14622,-580.7,12.6,369
20800,0.89,0.14587,-504.4,12.6,369
20900,0.89,0.1435,-498.2,12.5,371
21000,0.889,0.14535,-497.9,12.5,372
21100,0.889,0.14405,-464.1,12.5,372
21200,0.888,0.14233,-516.1,12.4,373
21300,0.888,0.14316,-518.8,3.5,1312
21400,0.887,0.14573,-452.6,3.5,1312
21500,0.887,0.14539,-464.6,3.5,1310
21600,0.886,0.14405,-421.1,3.6,1306
21700,0.885,0.1441,-429.7,3.6,1301
21800,0.885,0.14404,-450.8,3.6,1296
21900,0.884,0.14201,-451.9,3.6,1291
22000,0.884,0.14252,-522.5,3.6,1289
22100,0.883,0.14415,-561.4,3.6,1288
22200,0.883,0.1474,-572.3,3.6,1287
22300,0.882,0.1497,-590.8,3.6,1285
22400,0.882,0.1469,-584.6,3.6,1284
22500,0.881,0.14557,-577.4,3.6,1282
22600,0.881,0.14617,-572.1,3.6,1281
22700,0.88,0.14432,-602.4,3.6,1279
22800,0.88,0.14324,-618.5,3.6,1279
22900,0.879,0.14643,-595.6,3.6,1278
23000,0.879,0.14525,-548.4,3.6,1276
23100,0.878,0.14248,-482.0,3.6,1275
23200,0.878,0.14253,-424.6,3.6,1273
23300,0.877,0.14191,-448.2,3.6,1272
23400,0.877,0.14122,-499.6,3.6,1271
23500,0.876,0.14127,-466.1,3.6,1269
23600,0.875,0.14581,-516.3,3.6,1268
23700,0.875,0.14694,-475.7,3.6,1266
23800,0.874,0.1459,-442.7,3.6,1265
23900,0.874,0.14985,-438.7,3.6,1264
24000,0.873,0.14782,-414.9,3.6,1262
24100,0.873,0.14627,-359.6,3.6,1261
24200,0.872,0.14566,-374.7,3.6,1260
24300,0.872,0.1451,-339.1,3.7,1258
24400,0.871,0.1449,-393.5,3.7,1257
24500,0.871,0.14273,-425.2,3.7,1256
24600,0.87,0.14223,-468.0,3.7,1254
24700,0.87,0.14433,-399.0,3.7,1253
24800,0.869,0.14513,-360.9,3.7,1252
24900,0.869,0.14483,-404.5,3.7,1251
25000,0.868,0.14151,-453.6,3.7,1249
25100,0.868,0.14056,-479.7,3.7,1248
25200,0.867,0.14016,-511.7,3.7,1247
25300,0.866,0.1387,-468.2,3.7,1246
25400,0.866,0.13906,-458.0,3.7,1245
25500,0.865,0.14177,-503.7,3.7,1244
25600,0.865,0.14048,-463.2,3.7,1243
25700,0.864,0.14143,-500.9,3.7,1242
25800,0.864,0.1421,-521.2,3.7,1241
25900,0.863,0.14242,-511.4,3.7,1239
26000,0.863,0.14366,-504.5,3.7,1238
26100,0.862,0.1434,-520.0,3.7,1237
26200,0.862,0.14404,-451.8,3.7,1236
26300,0.861,0.14229,-445.1,3.7,1235
26400,0.861,0.14256,-363.4,3.7,1234
26500,0.86,0.14427,-322.9,3.7,1233
26600,0.86,0.14144,-291.7,3.7,1231
26700,0.859,0.14186,-291.5,3.7,1230
26800,0.859,0.1408,-370.7,3.7,1229
26900,0.858,0.14287,-276.7,3.7,1228
27000,0.858,0.14405,-241.0,3.7,1227
27100,0.857,0.14464,-268.8,3.7,1226
27200,0.856,0.14481,-222.2,3.7,1224
27300,0.856,0.14261,-244.5,3.7,1223
27400,0.855,0.13986,-234.2,3.7,1222
27500,0.855,0.14017,-247.0,3.7,1221
27600,0.854,0.14066,-228.6,3.7,1220
27700,0.854,0.14104,-207.6,3.7,1219
27800,0.853,0.14268,-238.1,3.7,1217
27900,0.853,0.14398,-246.1,3.7,1216
28000,0.852,0.14414,-296.8,3.7,1215
28100,0.852,0.13924,-279.2,3.7,1214
28200,0.851,0.13906,-321.0,3.7,1213
28300,0.851,0.1411,-400.3,3.7,1212
28400,0.85,0.13991,-509.3,3.7,1211
28500,0.85,0.14001,-553.3,3.7,1210
28600,0.849,0.14252,-599.0,3.7,1209
28700,0.849,0.14527,-663.8,3.7,1207
28800,0.848,0.14409,-671.6,3.7,1206
28900,0.847,0.14235,-718.1,3.7,1205
29000,0.847,0.14191,-753.3,3.8,1204
29100,0.846,0.14238,-754.1,3.8,1203
29200,0.846,0.14003,-789.9,3.8,1202
29300,0.845,0.14098,-769.3,3.8,1201
29400,0.845,0.14038,-824.9,3.8,1200
29500,0.844,0.13982,-854.8,3.8,1199
29600,0.844,0.13991,-873.5,3.8,1198
29700,0.843,0.14036,-842.1,3.8,1197
29800,0.843,0.13853,-798.6,3.8,1196
29900,0.842,0.13893,-721.6,3.8,1195
30000,0.842,0.1383,-704.8,3.8,1194
30100,0.841,0.1404,-741.9,3.7,1205
30200,0.841,0.14173,-726.0,3.7,1204
30300,0.84,0.14279,-621.7,3.7,1203
30400,0.84,0.14348,-607.4,3.7,1202
30500,0.839,0.14402,-596.6,3.7,1201
30600,0.839,0.14177,-615.6,3.7,1200
30700,0.838,0.13908,-569.3,3.7,1199
30800,0.837,0.13909,-523.4,3.7,1198
30900,0.837,0.13938,-550.6,3.7,1197
31000,0.836,0.14124,-467.6,3.7,1196
31100,0.836,0.14429,-433.5,3.8,1195
31200,0.835,0.14376,-435.9,3.8,1194
31300,0.835,0.1457,-438.9,3.8,1193
31400,0.834,0.1473,-409.6,3.8,1192
31500,0.834,0.14622,-322.1,3.8,1191
31600,0.833,0.14147,-305.4,3.8,1190
31700,0.833,0.14355,-350.0,3.8,1189
31800,0.832,0.14363,-382.7,3.8,1188
31900,0.832,0.1415,-430.8,3.8,1187
32000,0.831,0.14079,-416.2,3.8,1186
32100,0.831,0.13944,-409.8,3.8,1185
32200,0.83,0.13876,-452.2,3.8,1184
32300,0.83,0.13803,-543.0,3.8,1183
32400,0.829,0.13982,-526.1,3.8,1182
32500,0.828,0.14187,-569.0,3.8,1181
32600,0.828,0.1447,-525.4,3.8,1179
32700,0.827,0.14333,-529.5,3.8,1176
32800,0.827,0.14263,-515.1,3.8,1174
32900,0.826,0.1432,-539.9,3.8,1172
33000,0.826,0.14335,-568.9,3.8,1169
33100,0.825,0.14306,-610.1,3.8,1167
33200,0.825,0.14542,-629.5,3.8,1165
33300,0.824,0.14564,-635.7,3.8,1163
33400,0.824,0.14625,-621.9,3.8,1160
33500,0.823,0.14554,-618.2,3.8,1158
33600,0.823,0.1435,-631.8,3.8,1156
33700,0.822,0.14289,-641.0,3.8,1153
33800,0.822,0.14568,-597.9,3.9,1150
33900,0.821,0.14506,-666.7,3.9,1148
34000,0.821,0.14744,-686.4,3.9,1145
34100,0.82,0.14309,-710.6,3.9,1142
34200,0.82,0.14083,-685.5,3.9,1140
34300,0.819,0.14208,-596.3,3.9,1137
34400,0.818,0.14334,-598.3,3.9,1135
34500,0.818,0.14231,-579.8,3.9,1132
34600,0.817,0.13862,-535.8,3.9,1129
34700,0.817,0.13791,-516.1,3.9,1126
34800,0.816,0.13894,-534.5,3.9,1123
34900,0.816,0.14143,-427.4,3.9,1120
35000,0.815,0.14115,-431.5,4.0,1117
35100,0.815,0.14339,-426.3,4.0,1114
35200,0.814,0.14232,-422.3,4.0,1111
35300,0.814,0.14528,-442.0,4.0,1108
35400,0.813,0.14626,-373.2,4.0,1105
35500,0.813,0.14433,-380.3,4.0,1102
35600,0.812,0.14557,-312.8,4.0,1100
35700,0.812,0.14857,-254.5,4.0,1097
35800,0.811,0.14922,-275.6,4.0,1094
35900,0.811,0.14788,-240.5,4.0,1091
36000,0.81,0.14614,-237.2,4.0,1088
36100,0.809,0.14744,-189.2,4.1,1085
36200,0.809,0.14974,-144.3,4.1,1082
36300,0.808,0.15038,-218.4,4.1,1080
36400,0.808,0.15255,-217.6,4.1,1077
36500,0.807,0.15071,-179.1,4.1,1074
36600,0.807,0.15248,-166.1,4.1,1071
36700,0.806,0.15409,-180.0,4.1,1068
36800,0.806,0.1543,-132.7,4.1,1066
36900,0.805,0.15314,-194.7,4.1,1063
37000,0.805,0.15345,-204.1,4.1,1060
37100,0.804,0.15287,-164.7,4.1,1058
37200,0.804,0.15183,-95.3,4.2,1055
37300,0.803,0.15021,-50.5,4.2,1052
37400,0.803,0.14909,-123.3,4.2,1050
37500,0.802,0.14996,-159.7,4.2,1047
37600,0.802,0.1474,-223.0,4.2,1045
37700,0.801,0.14908,-284.5,4.2,1042
37800,0.8,0.14838,-308.4,4.2,1040
37900,0.8,0.15021,-329.4,4.2,1037
38000,0.799,0.15096,-299.6,4.2,1035
38100,0.799,0.15109,-350.8,4.2,1032
38200,0.798,0.15117,-373.1,4.2,1030
38300,0.798,0.15295,-395.6,4.2,1027
38400,0.797,0.15325,-423.6,4.3,1025
38500,0.797,0.15096,-453.9,4.3,1022
38600,0.796,0.14996,-499.2,4.3,1020
38700,0.796,0.15163,-517.8,4.3,1017
38800,0.795,0.15093,-503.6,4.3,1015
38900,0.795,0.15142,-563.0,4.3,1012
39000,0.794,0.15127,-604.4,4.3,1010
39100,0.794,0.14789,-669.7,4.3,1007
39200,0.793,0.1461,-803.1,4.3,1005
39300,0.793,0.14833,-847.5,4.3,1002
39400,0.792,0.1458,-869.0,4.3,1000
39500,0.792,0.14711,-828.4,4.4,998
39600,0.791,0.14626,-835.4,4.4,996
39700,0.79,0.14574,-851.5,4.4,993
39800,0.79,0.14584,-867.5,4.4,991
39900,0.789,0.14521,-804.6,4.4,989
40000,0.789,0.14683,-783.5,4.4,986
40100,0.788,0.14759,-750.1,4.4,985
40200,0.788,0.146,-757.4,4.4,983
40300,0.787,0.14526,-778.7,4.4,981
40400,0.787,0.14465,-696.3,4.4,979
40500,0.786,0.14633,-666.0,4.4,976
40600,0.786,0.14426,-714.9,4.4,974
40700,0.785,0.14294,-701.5,4.4,972
40800,0.785,0.14428,-788.1,4.5,969
40900,0.784,0.14261,-715.5,4.5,967
41000,0.784,0.1447,-665.8,4.5,965
41100,0.783,0.14461,-660.0,4.5,963
41200,0.783,0.14431,-541.6,4.5,960
41300,0.782,0.14652,-552.8,4.5,958
41400,0.781,0.14875,-488.6,4.5,956
41500,0.781,0.14742,-550.0,4.5,954
41600,0.78,0.14307,-519.7,4.5,952
41700,0.78,0.14399,-529.4,4.5,950
41800,0.779,0.14421,-477.3,4.5,948
41900,0.779,0.14392,-508.9,4.5,946
42000,0.778,0.14325,-574.4,4.6,944
42100,0.778,0.14333,-592.5,4.6,942
42200,0.777,0.14474,-583.8,4.6,940
42300,0.777,0.14239,-493.6,4.6,938
42400,0.776,0.14303,-502.5,4.6,936
42500,0.776,0.14355,-511.1,4.6,934
42600,0.775,0.14566,-457.5,4.6,932
42700,0.775,0.14455,-499.2,4.6,930
42800,0.774,0.14338,-479.0,4.6,928
42900,0.774,0.14385,-488.2,4.6,926
43000,0.773,0.14366,-453.1,4.6,924
43100,0.773,0.14463,-345.4,4.6,922
43200,0.772,0.1431,-387.2,4.7,920
43300,0.771,0.14493,-399.0,4.7,918
43400,0.771,0.14448,-476.2,4.7,917
43500,0.77,0.14431,-388.9,4.7,915
43600,0.77,0.14362,-380.1,4.7,913
43700,0.769,0.14367,-271.6,4.7,911
43800,0.769,0.14303,-297.7,4.7,909
43900,0.768,0.14229,-325.2,4.7,907
44000,0.768,0.14215,-291.8,4.7,905
44100,0.767,0.14541,-238.9,4.7,903
44200,0.767,0.14717,-293.4,4.7,901
44300,0.766,0.14558,-326.3,4.7,900
44400,0.766,0.14581,-346.6,4.7,899
44500,0.765,0.14535,-349.5,4.7,899
44600,0.765,0.14461,-394.9,4.7,900
44700,0.764,0.14416,-388.0,4.7,900
44800,0.764,0.1451,-397.4,4.7,900
44900,0.763,0.14456,-417.7,4.7,899
45000,0.762,0.14582,-498.9,4.7,898
45100,0.762,0.14508,-547.3,4.7,897
45200,0.761,0.14157,-544.3,4.7,897
45300,0.761,0.14179,-524.9,4.7,898
45400,0.76,0.1415,-590.3,4.7,898
45500,0.76,0.14298,-660.4,4.7,898
45600,0.759,0.14419,-660.0,4.7,897
45700,0.759,0.14714,-714.6,4.7,896
45800,0.758,0.14828,-712.3,4.7,894
45900,0.758,0.14474,-718.6,4.7,892
46000,0.757,0.14575,-732.2,4.8,891
46100,0.757,0.14656,-732.4,4.8,889
46200,0.756,0.14745,-664.2,4.8,887
46300,0.756,0.148,-668.1,4.8,885
46400,0.755,0.14706,-725.6,4.8,883
46500,0.755,0.14515,-714.9,4.8,882
46600,0.754,0.14502,-671.6,4.8,880
46700,0.754,0.14545,-599.2,4.8,878
46800,0.753,0.14676,-554.8,4.8,876
46900,0.752,0.14727,-582.9,4.8,875
47000,0.752,0.14681,-556.7,4.8,873
47100,0.751,0.14231,-564.4,4.8,871
47200,0.751,0.14447,-551.0,4.8,869
47300,0.75,0.14457,-531.3,4.9,868
47400,0.75,0.14343,-431.5,4.9,866
47500,0.749,0.14364,-383.9,4.9,864
47600,0.749,0.14303,-417.4,4.9,863
47700,0.748,0.14454,-430.6,4.9,861
47800,0.748,0.14331,-387.0,4.9,859
47900,0.747,0.14387,-380.6,4.9,858
48000,0.747,0.14351,-348.3,4.9,857
48100,0.746,0.1439,-322.7,4.9,855
48200,0.746,0.14357,-358.3,4.9,854
48300,0.745,0.14527,-291.5,4.9,852
48400,0.745,0.14624,-193.9,4.9,850
48500,0.744,0.14576,-215.4,4.9,849
48600,0.744,0.14549,-224.3,4.9,847
48700,0.743,0.14476,-285.9,5.0,846
48800,0.742,0.14736,-273.8,5.0,844
48900,0.742,0.14437,-180.0,5.0,842
49000,0.741,0.14204,-196.9,5.0,841
49100,0.741,0.14364,-200.8,5.0,839
49200,0.74,0.14448,-171.1,5.0,838
49300,0.74,0.14843,-212.7,5.0,836
49400,0.739,0.14759,-171.7,5.0,835
49500,0.739,0.14664,-232.7,5.0,833
49600,0.738,0.14376,-208.2,5.0,832
49700,0.738,0.1424,-231.6,5.0,830
49800,0.737,0.14231,-253.7,5.0,829
49900,0.737,0.14316,-302.0,5.0,828
50000,0.736,0.14303,-335.3,5.0,827
50100,0.736,0.14448,-401.3,5.0,827
50200,0.735,0.1454,-351.4,5.0,825
50300,0.735,0.14327,-409.9,5.1,823
50400,0.734,0.14635,-470.6,5.1,822
50500,0.733,0.14651,-479.9,5.1,820
50600,0.733,0.14433,-503.8,5.1,819
50700,0.732,0.14474,-528.1,5.1,817
50800,0.732,0.14471,-575.0,5.1,816
50900,0.731,0.14409,-600.0,5.1,815
51000,0.731,0.14521,-603.8,5.1,813
51100,0.73,0.14397,-656.6,5.1,812
51200,0.73,0.14352,-685.5,5.1,810
51300,0.729,0.14327,-639.7,5.1,809
51400,0.729,0.14568,-671.7,5.1,807
51500,0.728,0.14603,-696.2,5.1,806
51600,0.728,0.14617,-720.4,5.1,804
51700,0.727,0.14444,-645.5,5.2,803
51800,0.727,0.14579,-631.1,5.2,801
51900,0.726,0.14401,-578.6,5.2,800
52000,0.726,0.14307,-535.8,5.2,799
52100,0.725,0.14104,-534.0,5.2,798
52200,0.724,0.14131,-567.6,5.2,797
52300,0.724,0.14419,-586.7,5.2,795
52400,0.723,0.14398,-645.4,5.2,794
52500,0.723,0.14414,-630.1,5.2,793
52600,0.722,0.14575,-646.9,5.2,791
52700,0.722,0.14644,-599.6,5.2,790
52800,0.721,0.14554,-596.2,5.2,789
52900,0.721,0.14396,-663.8,5.2,788
53000,0.72,0.14352,-628.0,5.2,787
53100,0.72,0.14511,-621.5,5.2,785
53200,0.719,0.14365,-643.9,5.2,784
53300,0.719,0.14232,-647.1,5.3,782
53400,0.718,0.14417,-626.1,5.3,781
53500,0.718,0.14399,-524.8,5.3,780
53600,0.717,0.14277,-553.5,5.3,779
53700,0.717,0.14317,-611.8,5.3,777
53800,0.716,0.14294,-593.2,5.3,777
53900,0.716,0.14087,-534.9,5.3,775
54000,0.715,0.14475,-563.0,5.3,775
54100,0.714,0.14404,-588.0,5.3,774
54200,0.714,0.14549,-592.1,5.3,772
54300,0.713,0.14576,-584.8,5.3,772
54400,0.713,0.14319,-578.4,5.3,770
54500,0.712,0.14225,-602.4,5.3,770
54600,0.712,0.14698,-538.6,5.3,768
54700,0.711,0.14787,-465.8,5.3,767
54800,0.711,0.14763,-443.4,5.3,766
54900,0.71,0.14695,-435.6,5.3,765
55000,0.71,0.14746,-466.5,5.3,764
55100,0.709,0.14648,-446.1,5.3,763
55200,0.709,0.14601,-465.1,5.4,762
55300,0.708,0.1487,-457.7,5.4,761
55400,0.708,0.14741,-443.4,5.4,760
55500,0.707,0.1475,-505.8,5.4,759
55600,0.707,0.15039,-472.7,5.4,758
55700,0.706,0.14899,-483.2,5.4,757
55800,0.706,0.14752,-492.7,5.4,755
55900,0.705,0.14703,-504.3,5.4,754
56000,0.704,0.14714,-486.6,5.4,753
56100,0.704,0.14407,-434.6,5.4,752
56200,0.703,0.14323,-403.2,5.4,751
56300,0.703,0.14209,-436.5,5.4,750
56400,0.702,0.14282,-393.5,5.4,748
56500,0.702,0.14406,-356.9,5.4,747
56600,0.701,0.14417,-421.9,5.4,746
56700,0.701,0.14331,-517.2,5.4,745
56800,0.7,0.14483,-505.2,5.4,744
56900,0.7,0.14497,-513.0,5.5,743
57000,0.699,0.14727,-430.1,5.4,743
57100,0.699,0.14425,-425.2,5.4,744
57200,0.698,0.14078,-368.1,5.4,745
57300,0.698,0.14168,-339.3,5.4,746
57400,0.697,0.14171,-397.8,5.4,745
57500,0.697,0.14089,-383.0,5.4,744
57600,0.696,0.14291,-416.8,5.4,743
57700,0.695,0.14462,-391.9,5.4,743
57800,0.695,0.14462,-435.6,5.4,742
57900,0.694,0.1444,-473.6,5.4,741
58000,0.694,0.14434,-478.1,5.5,740
58100,0.693,0.14678,-511.1,5.5,738
58200,0.693,0.14558,-539.7,5.5,738
58300,0.692,0.14456,-510.0,5.5,737
58400,0.692,0.14558,-534.5,5.5,735
58500,0.691,0.14736,-529.0,5.5,734
58600,0.691,0.14773,-427.6,5.5,733
58700,0.69,0.14784,-385.4,5.5,732
58800,0.69,0.14705,-442.0,5.5,731
58900,0.689,0.14658,-364.9,5.5,730
59000,0.689,0.14809,-389.7,5.5,729
59100,0.688,0.14788,-386.7,5.5,728
59200,0.688,0.14628,-418.9,5.5,727
59300,0.687,0.1477,-428.9,5.5,726
59400,0.686,0.14819,-370.8,5.5,725
59500,0.686,0.14992,-431.4,5.5,725
59600,0.685,0.14797,-399.9,5.5,724
59700,0.685,0.14499,-391.9,5.5,723
59800,0.684,0.14849,-366.1,5.5,722
59900,0.684,0.1512,-325.9,5.6,721
60000,0.683,0.15001,-341.7,5.6,720
60100,0.683,0.14705,-329.6,5.6,720
60200,0.682,0.14716,-291.9,5.6,719
60300,0.682,0.14818,-287.7,5.6,718
60400,0.681,0.14664,-241.4,5.6,717
60500,0.681,0.14718,-301.5,5.6,717
60600,0.68,0.14543,-378.1,5.6,716
60700,0.68,0.14594,-450.6,5.6,715
60800,0.679,0.14597,-424.7,5.6,714
60900,0.679,0.14557,-474.0,5.6,713
61000,0.678,0.14536,-497.7,5.6,712
61100,0.678,0.14298,-493.8,5.6,711
61200,0.677,0.14383,-464.9,5.6,710
61300,0.676,0.1448,-513.1,5.6,710
61400,0.676,0.14432,-551.2,5.6,709
61500,0.675,0.14351,-534.6,5.6,708
61600,0.675,0.14511,-563.0,5.6,707
61700,0.674,0.14583,-588.7,5.6,706
61800,0.674,0.14632,-605.0,5.6,705
61900,0.673,0.14454,-638.3,5.6,704
62000,0.673,0.14394,-685.7,5.6,704
62100,0.672,0.14666,-698.6,5.6,703
62200,0.672,0.14614,-758.3,5.6,702
62300,0.671,0.14316,-753.2,5.6,703
62400,0.671,0.14441,-799.8,5.6,703
62500,0.67,0.14612,-710.0,5.6,703
62600,0.67,0.14422,-677.6,5.6,703
62700,0.669,0.14302,-650.2,5.6,703
62800,0.669,0.14308,-681.2,5.6,704
62900,0.668,0.14215,-642.1,5.6,705
63000,0.667,0.14163,-637.8,5.6,705
63100,0.667,0.14176,-560.1,5.6,706
63200,0.666,0.14295,-551.9,5.6,706
63300,0.666,0.14232,-469.1,5.6,707
63400,0.665,0.14319,-468.2,5.6,707
63500,0.665,0.14469,-415.1,5.6,707
63600,0.664,0.14195,-377.2,5.6,707
63700,0.664,0.13951,-341.5,5.6,708
63800,0.663,0.14196,-376.1,5.6,708
63900,0.663,0.14396,-387.7,5.6,709
64000,0.662,0.1406,-354.6,5.5,709
64100,0.662,0.13861,-285.6,5.5,710
64200,0.661,0.14074,-298.4,5.5,710
64300,0.661,0.14197,-243.8,5.5,711
64400,0.66,0.14066,-180.1,5.5,711
64500,0.66,0.13981,-199.8,5.5,712
64600,0.659,0.13993,-236.8,5.5,712
64700,0.659,0.14221,-187.5,5.5,713
64800,0.658,0.14056,-167.3,5.5,713
64900,0.657,0.13761,-136.6,5.5,713
65000,0.657,0.13884,-116.1,5.5,712
65100,0.656,0.13928,-179.2,5.5,711
65200,0.656,0.13853,-220.9,5.5,712
65300,0.655,0.14014,-271.1,5.5,712
65400,0.655,0.14278,-260.8,5.5,712
65500,0.654,0.14133,-243.2,5.5,711
65600,0.654,0.14058,-282.1,5.5,711
65700,0.653,0.13995,-329.3,5.5,711
65800,0.653,0.14018,-338.6,5.5,710
65900,0.652,0.13893,-286.8,5.5,709
66000,0.652,0.1409,-263.7,5.5,709
66100,0.651,0.13928,-283.5,5.5,708
66200,0.651,0.13868,-219.2,5.5,707
66300,0.65,0.14022,-255.3,5.5,707
66400,0.65,0.14152,-215.7,5.5,707
66500,0.649,0.14272,-220.6,5.5,706
66600,0.649,0.14272,-224.2,5.5,705
66700,0.648,0.14276,-263.6,5.5,705
66800,0.647,0.14448,-221.2,5.5,704
66900,0.647,0.14403,-279.3,5.5,703
67000,0.646,0.14091,-325.9,5.5,703
67100,0.646,0.14296,-369.1,5.5,702
67200,0.645,0.14454,-306.8,5.5,701
67300,0.645,0.14243,-359.0,5.5,701
67400,0.644,0.14304,-358.8,5.5,700
67500,0.644,0.14338,-396.3,5.5,700
67600,0.643,0.14247,-339.3,5.5,699
67700,0.643,0.1414,-359.6,5.5,699
67800,0.642,0.14364,-339.8,5.5,699
67900,0.642,0.14412,-405.7,5.5,700
68000,0.641,0.14272,-420.8,5.5,700
68100,0.641,0.14322,-525.3,5.5,700
68200,0.64,0.14443,-526.8,5.5,700
68300,0.64,0.14391,-505.3,5.5,700
68400,0.639,0.14337,-592.1,5.5,700
68500,0.638,0.14262,-617.2,5.5,701
68600,0.638,0.13847,-607.4,5.5,702
68700,0.637,0.13652,-534.0,5.5,703
68800,0.637,0.13912,-593.9,5.5,704
68900,0.636,0.14108,-569.2,5.5,704
69000,0.636,0.14078,-580.4,5.5,705
69100,0.635,0.14103,-572.9,5.5,705
69200,0.635,0.13937,-607.6,5.4,706
69300,0.634,0.14009,-543.4,5.4,707
69400,0.634,0.14147,-504.5,5.4,707
69500,0.633,0.14262,-419.4,5.4,707
69600,0.633,0.14396,-423.4,5.4,708
69700,0.632,0.14352,-402.3,5.4,708
69800,0.632,0.14183,-353.4,5.4,709
69900,0.631,0.14321,-260.9,5.4,710
70000,0.631,0.14452,-219.6,5.4,710
70100,0.63,0.14388,-147.9,5.4,715
70200,0.629,0.14553,-198.7,5.4,715
70300,0.629,0.14367,-251.8,5.4,715
70400,0.628,0.14371,-266.1,5.3,716
70500,0.628,0.14251,-253.9,5.3,717
70600,0.627,0.14422,-284.6,5.3,718
70700,0.627,0.14349,-352.0,5.3,720
70800,0.626,0.14357,-319.8,5.3,721
70900,0.626,0.14401,-294.9,5.3,722
71000,0.625,0.14711,-281.7,5.3,723
71100,0.625,0.14545,-338.2,5.3,724
71200,0.624,0.14324,-342.5,5.3,724
71300,0.624,0.141,-305.6,5.3,725
71400,0.623,0.14512,-390.2,5.3,726
71500,0.623,0.14401,-514.8,5.2,726
71600,0.622,0.1437,-611.9,5.2,727
71700,0.622,0.14355,-630.7,5.2,727
71800,0.621,0.14554,-642.6,5.2,727
71900,0.621,0.14348,-718.5,5.2,727
72000,0.62,0.1422,-783.5,5.2,728
72100,0.619,0.14181,-773.9,5.2,729
72200,0.619,0.14156,-751.1,5.2,730
72300,0.618,0.13969,-715.6,5.2,731
72400,0.618,0.14183,-648.1,5.2,731
72500,0.617,0.14247,-686.4,5.2,732
72600,0.617,0.14084,-605.2,5.2,733
72700,0.616,0.14124,-643.8,5.2,733
72800,0.616,0.14152,-640.8,5.2,733
72900,0.615,0.14181,-717.8,5.2,734
73000,0.615,0.14107,-684.1,5.2,734
73100,0.614,0.13948,-591.8,5.1,735
73200,0.614,0.13755,-573.1,5.1,735
73300,0.613,0.13915,-610.4,5.1,735
73400,0.613,0.13942,-578.1,5.1,736
73500,0.612,0.13856,-548.9,5.1,736
73600,0.612,0.13933,-479.3,5.1,736
73700,0.611,0.14021,-364.2,5.1,737
73800,0.611,0.13978,-399.1,5.1,737
73900,0.61,0.13941,-388.7,5.1,737
74000,0.609,0.13959,-391.4,5.1,738
74100,0.609,0.13877,-416.1,5.1,738
74200,0.608,0.13847,-386.6,5.1,739
74300,0.608,0.1397,-410.7,5.1,739
74400,0.607,0.14054,-441.5,5.1,739
74500,0.607,0.14083,-457.0,5.1,739
74600,0.606,0.14358,-484.1,5.1,740
74700,0.606,0.14806,-462.7,5.1,740
74800,0.605,0.14885,-427.4,5.1,740
74900,0.605,0.1437,-372.0,5.1,740
75000,0.604,0.14344,-417.7,5.1,741
75100,0.604,0.14591,-441.8,5.1,741
75200,0.603,0.14392,-483.5,5.1,741
75300,0.603,0.14279,-502.6,5.0,742
75400,0.602,0.1439,-470.8,5.0,742
75500,0.602,0.14292,-442.4,5.0,742
75600,0.601,0.14311,-448.9,5.0,742
75700,0.6,0.1422,-517.0,5.0,743
75800,0.6,0.14238,-429.8,5.0,743
75900,0.599,0.14427,-441.8,5.0,743
76000,0.599,0.14289,-436.8,5.0,743
76100,0.598,0.14264,-355.1,5.0,744
76200,0.598,0.14519,-341.0,5.0,744
76300,0.597,0.14426,-285.5,5.0,744
76400,0.597,0.14379,-277.1,5.0,744
76500,0.596,0.14385,-256.2,5.0,745
76600,0.596,0.13976,-300.1,5.0,745
76700,0.595,0.13829,-319.9,5.0,745
76800,0.595,0.13943,-379.8,5.0,746
76900,0.594,0.14211,-356.5,5.0,746
77000,0.594,0.14338,-357.5,5.0,746
77100,0.593,0.14278,-346.7,5.0,746
77200,0.593,0.14427,-327.2,5.0,746
77300,0.592,0.14246,-333.9,5.0,746
77400,0.592,0.14354,-346.2,5.0,746
77500,0.591,0.14501,-351.2,5.0,746
77600,0.59,0.14537,-362.2,5.0,746
77700,0.59,0.14536,-379.0,5.0,746
77800,0.589,0.14476,-434.6,5.0,746
77900,0.589,0.14579,-406.7,5.0,746
78000,0.588,0.14732,-403.8,5.0,746
78100,0.588,0.14337,-502.1,5.0,746
78200,0.587,0.14215,-561.4,5.0,746
78300,0.587,0.14321,-724.2,5.0,746
78400,0.586,0.14325,-735.3,5.0,746
78500,0.586,0.14269,-615.3,5.0,745
78600,0.585,0.1429,-527.2,5.0,744
78700,0.585,0.14185,-497.0,5.0,743
78800,0.584,0.14409,-499.7,5.0,742
78900,0.584,0.14274,-520.3,5.0,741
79000,0.583,0.14111,-506.5,5.0,740
79100,0.583,0.13887,-518.4,5.0,739
79200,0.582,0.13792,-516.4,5.0,738
79300,0.581,0.14036,-515.0,5.0,737
79400,0.581,0.14097,-547.7,5.0,737
79500,0.58,0.13631,-508.6,5.0,736
79600,0.58,0.13836,-437.6,5.0,735
79700,0.579,0.13798,-434.6,5.0,735
79800,0.579,0.13886,-406.2,5.0,734
79900,0.578,0.13884,-428.1,5.0,734
80000,0.578,0.13818,-415.9,5.0,733
80100,0.577,0.14055,-304.2,5.0,733
80200,0.577,0.14236,-300.9,5.0,733
80300,0.576,0.14193,-216.1,5.0,732
80400,0.576,0.13898,-179.4,5.0,732
80500,0.575,0.1407,-243.7,5.0,731
80600,0.575,0.14197,-349.9,5.0,730
80700,0.574,0.14182,-334.2,5.0,729
80800,0.574,0.14164,-357.5,5.0,728
80900,0.573,0.14354,-401.6,5.0,727
81000,0.573,0.14441,-362.5,5.0,726
81100,0.572,0.14127,-342.8,5.0,725
81200,0.571,0.13965,-440.3,5.0,724
81300,0.571,0.14093,-437.0,5.0,723
81400,0.57,0.1414,-408.4,5.0,723
81500,0.57,0.13879,-481.2,5.0,722
81600,0.569,0.1393,-545.1,5.1,721
81700,0.569,0.14239,-464.4,5.1,720
81800,0.568,0.14531,-507.4,5.1,719
81900,0.568,0.14417,-503.2,5.1,718
82000,0.567,0.14343,-505.4,5.1,717
82100,0.567,0.14301,-620.4,5.1,716
82200,0.566,0.14206,-616.9,5.1,715
82300,0.566,0.14218,-586.0,5.1,714
82400,0.565,0.1425,-566.8,5.1,713
82500,0.565,0.14147,-572.9,5.1,712
82600,0.564,0.14053,-553.4,5.1,711
82700,0.564,0.13971,-579.9,5.1,710
82800,0.563,0.13875,-503.0,5.1,709
82900,0.562,0.13801,-479.7,5.1,708
83000,0.562,0.13706,-450.7,5.1,707
83100,0.561,0.13801,-486.6,5.1,706
83200,0.561,0.14117,-405.2,5.1,705
83300,0.56,0.14019,-432.7,5.1,704
83400,0.56,0.13628,-441.6,5.1,703
83500,0.559,0.13733,-428.3,5.1,702
83600,0.559,0.13671,-442.2,5.1,702
83700,0.558,0.13688,-532.4,5.1,701
83800,0.558,0.14262,-505.3,5.2,700
83900,0.557,0.14134,-463.7,5.2,699
84000,0.557,0.13813,-457.7,5.2,698
84100,0.556,0.13908,-442.0,5.2,697
84200,0.556,0.14137,-440.5,5.2,696
84300,0.555,0.1425,-405.6,5.2,695
84400,0.555,0.14323,-452.0,5.2,694
84500,0.554,0.14364,-436.8,5.2,693
84600,0.553,0.14119,-381.0,5.2,692
84700,0.553,0.14449,-382.3,5.2,691
84800,0.552,0.14445,-390.9,5.2,690
84900,0.552,0.14336,-400.7,5.2,689
85000,0.551,0.14394,-502.6,5.2,688
85100,0.551,0.14305,-445.0,5.2,688
85200,0.55,0.14321,-396.5,5.2,687
85300,0.55,0.14338,-381.3,5.2,687
85400,0.549,0.14229,-385.7,5.2,686
85500,0.549,0.14346,-304.2,5.2,686
85600,0.548,0.14036,-254.0,5.2,685
85700,0.548,0.13885,-229.6,5.2,684
85800,0.547,0.14159,-245.5,5.2,684
85900,0.547,0.13796,-328.2,5.2,683
86000,0.546,0.13788,-311.0,5.2,682
86100,0.546,0.137,-312.1,5.2,682
86200,0.545,0.13913,-291.0,5.2,681
86300,0.545,0.14036,-359.6,5.2,680
86400,0.544,0.13492,-313.1,5.2,679
86500,0.543,0.13601,-354.5,5.2,678
86600,0.543,0.13864,-389.9,5.2,678
86700,0.542,0.13847,-345.8,5.3,677
86800,0.542,0.13724,-401.8,5.3,676
86900,0.541,0.13861,-313.9,5.3,675
87000,0.541,0.13891,-271.3,5.3,674
87100,0.54,0.14106,-240.4,5.3,673
87200,0.54,0.14044,-272.2,5.3,672
87300,0.539,0.13914,-309.0,5.3,672
87400,0.539,0.13879,-308.5,5.3,671
87500,0.538,0.14058,-420.8,5.3,670
87600,0.538,0.13972,-393.2,5.3,669
87700,0.537,0.13864,-369.1,5.3,668
87800,0.537,0.14034,-324.4,5.3,668
87900,0.536,0.13857,-327.6,5.3,667
88000,0.536,0.13909,-275.5,5.3,666
88100,0.535,0.14043,-241.8,5.3,666
88200,0.534,0.14176,-263.5,5.3,665
88300,0.534,0.14127,-199.9,5.3,665
88400,0.533,0.1411,-234.1,5.3,664
88500,0.533,0.1384,-296.8,5.3,663
88600,0.532,0.13552,-324.5,5.3,662
88700,0.532,0.13558,-290.1,5.3,661
88800,0.531,0.1372,-235.6,5.3,660
88900,0.531,0.13914,-273.1,5.3,660
89000,0.53,0.13696,-317.7,5.3,659
89100,0.53,0.13424,-354.2,5.3,658
89200,0.529,0.13371,-354.5,5.3,657
89300,0.529,0.13572,-319.4,5.4,656
89400,0.528,0.13721,-307.3,5.4,656
89500,0.528,0.13415,-252.9,5.4,655
89600,0.527,0.13611,-331.0,5.4,654
89700,0.527,0.13975,-310.7,5.4,653
89800,0.526,0.13866,-350.4,5.4,652
89900,0.526,0.13789,-269.8,5.4,652
90000,0.525,0.13719,-329.0,5.4,651
90100,0.524,0.13663,-385.3,5.4,651
90200,0.524,0.13623,-391.0,5.4,650
90300,0.523,0.13679,-455.3,5.4,649
90400,0.523,0.1391,-509.4,5.4,648
90500,0.522,0.13918,-486.5,5.4,647
90600,0.522,0.13788,-471.4,5.4,647
90700,0.521,0.13594,-539.6,5.4,646
90800,0.521,0.13701,-559.7,5.4,645
90900,0.52,0.13685,-563.7,5.4,645
91000,0.52,0.13758,-545.7,5.4,644
91100,0.519,0.14457,-626.0,5.4,643
91200,0.519,0.14551,-632.0,5.4,642
91300,0.518,0.14239,-622.4,5.4,642
91400,0.518,0.14246,-665.4,5.4,641
91500,0.517,0.14493,-641.7,5.4,640
91600,0.517,0.14164,-644.9,5.4,639
91700,0.516,0.13862,-721.5,5.4,638
91800,0.516,0.13615,-703.0,5.4,638
91900,0.515,0.1385,-723.3,5.4,637
92000,0.514,0.13651,-691.4,5.5,636
92100,0.514,0.13641,-683.3,5.5,635
92200,0.513,0.13679,-653.3,5.5,634
92300,0.513,0.13591,-635.8,5.5,633
92400,0.512,0.13525,-604.0,5.5,633
92500,0.512,0.13694,-540.4,5.5,632
92600,0.511,0.1353,-539.1,5.5,631
92700,0.511,0.1337,-530.1,5.5,630
92800,0.51,0.13518,-578.1,5.5,630
92900,0.51,0.13554,-584.0,5.5,629
93000,0.509,0.13413,-530.0,5.5,628
93100,0.509,0.13592,-526.2,5.5,627
93200,0.508,0.13588,-524.7,5.5,626
93300,0.508,0.13613,-489.9,5.5,626
93400,0.507,0.1361,-460.1,5.5,625
93500,0.507,0.13352,-532.5,5.5,624
93600,0.506,0.13657,-573.2,5.5,624
93700,0.505,0.13762,-576.5,5.5,623
93800,0.505,0.1358,-607.2,5.5,622
93900,0.504,0.1363,-655.6,5.5,621
94000,0.504,0.1356,-663.7,5.5,621
94100,0.503,0.13739,-553.7,5.5,620
94200,0.503,0.13716,-602.4,5.5,619
94300,0.502,0.13633,-590.8,5.5,619
94400,0.502,0.13625,-583.1,5.5,619
94500,0.501,0.13607,-606.5,5.5,619
94600,0.501,0.13831,-579.7,5.5,619
94700,0.5,0.13901,-621.5,5.5,619
94800,0.5,0.13847,-621.5,5.5,619
94900,0.499,0.13718,-614.2,5.5,619
95000,0.499,0.13997,-606.5,5.5,619
95100,0.498,0.13837,-603.1,5.5,618
95200,0.498,0.13519,-571.1,5.5,618
95300,0.497,0.13512,-643.6,5.5,618
95400,0.497,0.13636,-612.6,5.5,618
95500,0.496,0.134,-562.3,5.5,618
95600,0.495,0.13635,-476.8,5.5,618
95700,0.495,0.13739,-456.4,5.5,618
95800,0.494,0.1378,-448.4,5.5,618
95900,0.494,0.13846,-423.0,5.5,618
96000,0.493,0.13697,-476.4,5.5,618
96100,0.493,0.13739,-542.5,5.5,618
96200,0.492,0.13776,-525.6,5.5,617
96300,0.492,0.13821,-571.5,5.5,617
96400,0.491,0.14111,-599.5,5.5,617
96500,0.491,0.13996,-674.0,5.5,617
96600,0.49,0.13825,-668.9,5.5,617
96700,0.49,0.14085,-583.9,5.5,617
96800,0.489,0.14287,-572.0,5.5,617
96900,0.489,0.14319,-608.6,5.5,617
97000,0.488,0.14137,-672.6,5.5,617
97100,0.488,0.13807,-624.0,5.5,616
97200,0.487,0.13751,-659.3,5.5,616
97300,0.486,0.13802,-583.0,5.5,616
97400,0.486,0.13733,-584.5,5.5,616
97500,0.485,0.1392,-644.0,5.5,616
97600,0.485,0.13739,-640.2,5.5,616
97700,0.484,0.13556,-594.5,5.5,616
97800,0.484,0.1358,-586.8,5.5,616
97900,0.483,0.13513,-574.3,5.5,615
98000,0.483,0.13655,-577.8,5.5,615
98100,0.482,0.13765,-590.1,5.5,615
98200,0.482,0.13623,-571.1,5.5,615
98300,0.481,0.13626,-523.2,5.5,615
98400,0.481,0.13429,-440.1,5.5,615
98500,0.48,0.13478,-341.5,5.5,615
98600,0.48,0.13379,-347.4,5.5,615
98700,0.479,0.13288,-416.2,5.5,615
98800,0.479,0.13318,-313.5,5.5,614
98900,0.478,0.13554,-301.6,5.5,614
99000,0.478,0.13368,-346.8,5.5,614
99100,0.477,0.13261,-320.1,5.5,614
99200,0.476,0.13402,-350.6,5.5,614
99300,0.476,0.13285,-349.1,5.4,614
99400,0.475,0.13372,-336.8,5.4,614
99500,0.475,0.13246,-298.1,5.4,614
99600,0.474,0.13357,-312.6,5.4,613
99700,0.474,0.13497,-365.2,5.4,613
99800,0.473,0.13585,-326.7,5.4,613
99900,0.473,0.13422,-406.2,5.4,613
100000,0.472,0.13396,-345.1,5.4,613
100100,0.472,0.1351,-280.1,5.4,615
100200,0.471,0.13609,-313.8,5.4,615
100300,0.471,0.13504,-279.0,5.4,615
100400,0.47,0.13303,-330.1,5.4,615
100500,0.47,0.13571,-339.8,5.4,615
100600,0.469,0.13494,-364.0,5.4,615
100700,0.469,0.13546,-329.5,5.4,614
100800,0.468,0.1367,-382.0,5.4,614
100900,0.467,0.1364,-330.7,5.4,614
101000,0.467,0.13722,-212.7,5.4,614
101100,0.466,0.13585,-236.7,5.4,614
101200,0.466,0.1366,-196.5,5.4,614
101300,0.465,0.13766,-279.8,5.4,614
101400,0.465,0.13651,-265.9,5.4,613
101500,0.464,0.13875,-193.1,5.4,613
101600,0.464,0.13721,-135.0,5.4,613
101700,0.463,0.13447,-82.2,5.4,613
101800,0.463,0.13455,-119.5,5.4,613
101900,0.462,0.13346,-78.0,5.4,613
102000,0.462,0.13383,-104.0,5.4,613
102100,0.461,0.13392,-173.1,5.4,612
102200,0.461,0.13418,-138.6,5.4,612
102300,0.46,0.13514,-185.6,5.4,612
102400,0.46,0.13564,-177.3,5.4,612
102500,0.459,0.13584,-212.4,5.4,612
102600,0.459,0.13567,-170.5,5.4,612
102700,0.458,0.13455,-116.4,5.4,611
102800,0.457,0.13314,-205.7,5.4,611
102900,0.457,0.13449,-273.1,5.4,611
103000,0.456,0.13408,-332.0,5.4,611
103100,0.456,0.13336,-280.9,5.4,611
103200,0.455,0.13373,-251.4,5.4,611
103300,0.455,0.13367,-256.8,5.4,611
103400,0.454,0.1336,-301.4,5.4,610
103500,0.454,0.13424,-347.6,5.4,610
103600,0.453,0.13412,-441.0,5.4,610
103700,0.453,0.13354,-494.3,5.4,610
103800,0.452,0.13315,-471.9,5.4,610
103900,0.452,0.13256,-464.6,5.4,610
104000,0.451,0.13467,-469.6,5.4,609
104100,0.451,0.13412,-485.8,5.4,609
104200,0.45,0.13302,-536.0,5.4,609
104300,0.45,0.13302,-438.0,5.4,609
104400,0.449,0.13448,-443.6,5.4,609
104500,0.448,0.13311,-375.6,5.4,609
104600,0.448,0.13331,-436.1,5.4,609
104700,0.447,0.13182,-456.5,5.4,608
104800,0.447,0.12968,-372.4,5.3,608
104900,0.446,0.13149,-397.1,5.3,608
105000,0.446,0.13025,-356.7,5.3,608
105100,0.445,0.1331,-354.8,5.3,608
105200,0.445,0.1355,-387.5,5.3,608
105300,0.444,0.13526,-292.6,5.3,607
105400,0.444,0.13526,-250.8,5.3,607
105500,0.443,0.13377,-264.3,5.3,607
105600,0.443,0.13533,-246.5,5.3,607
105700,0.442,0.13659,-173.9,5.3,607
105800,0.442,0.13503,-160.5,5.3,607
105900,0.441,0.13499,-148.3,5.3,606
106000,0.441,0.1346,-123.8,5.3,606
106100,0.44,0.1337,-112.2,5.3,606
106200,0.44,0.13519,-62.2,5.3,606
106300,0.439,0.13338,-146.6,5.3,606
106400,0.438,0.13202,-161.4,5.3,606
106500,0.438,0.13487,-211.1,5.3,605
106600,0.437,0.13183,-134.9,5.3,605
106700,0.437,0.13031,-180.1,5.3,605
106800,0.436,0.13144,-206.1,5.3,605
106900,0.436,0.13158,-147.3,5.3,605
107000,0.435,0.13122,-206.1,5.3,605
107100,0.435,0.12815,-261.6,5.3,604
107200,0.434,0.12887,-244.5,5.3,604
107300,0.434,0.13157,-294.6,5.3,604
107400,0.433,0.1343,-292.1,5.3,604
107500,0.433,0.13331,-250.6,5.3,604
107600,0.432,0.13329,-288.6,5.3,604
107700,0.432,0.13379,-264.5,5.3,605
107800,0.431,0.13242,-304.5,5.3,605
107900,0.431,0.13257,-205.9,5.3,604
108000,0.43,0.1334,-268.6,5.3,604
108100,0.429,0.13278,-272.7,5.3,604
108200,0.429,0.13209,-250.1,5.3,604
108300,0.428,0.1328,-227.2,5.3,604
108400,0.428,0.13257,-198.3,5.3,604
108500,0.427,0.13364,-162.3,5.3,603
108600,0.427,0.13189,-191.9,5.3,603
108700,0.426,0.13156,-170.2,5.3,603
108800,0.426,0.13092,-159.5,5.3,603
108900,0.425,0.13223,-191.3,5.3,603
109000,0.425,0.13272,-183.9,5.3,603
109100,0.424,0.13068,-158.3,5.3,602
109200,0.424,0.13154,-179.8,5.3,602
109300,0.423,0.13301,-164.2,5.3,602
109400,0.423,0.13193,-233.4,5.3,602
109500,0.422,0.13044,-311.7,5.3,602
109600,0.422,0.13039,-222.5,5.3,602
109700,0.421,0.13174,-221.3,5.3,601
109800,0.42,0.13255,-219.1,5.3,601
109900,0.42,0.13424,-311.9,5.3,601
110000,0.419,0.13314,-285.9,5.3,601
110100,0.419,0.13155,-217.6,5.3,603
110200,0.418,0.13167,-234.8,5.3,603
110300,0.418,0.13256,-229.4,5.2,602
110400,0.417,0.13215,-235.8,5.2,602
110500,0.417,0.13306,-268.6,5.2,602
110600,0.416,0.13279,-256.9,5.2,602
110700,0.416,0.12997,-239.8,5.2,602
110800,0.415,0.13153,-192.5,5.2,601
110900,0.415,0.13304,-211.4,5.2,601
111000,0.414,0.13175,-150.7,5.2,601
111100,0.414,0.1316,-179.1,5.2,601
111200,0.413,0.13143,-136.3,5.2,601
111300,0.413,0.13305,-130.0,5.2,600
111400,0.412,0.13534,-152.0,5.2,600
111500,0.412,0.13379,-153.9,5.2,600
111600,0.411,0.13178,-200.8,5.2,600
111700,0.41,0.1317,-335.3,5.2,600
111800,0.41,0.13048,-284.7,5.2,599
111900,0.409,0.12957,-296.0,5.2,599
112000,0.409,0.12831,-320.2,5.2,599
112100,0.408,0.12707,-426.2,5.2,599
112200,0.408,0.12716,-451.9,5.2,599
112300,0.407,0.12652,-497.6,5.2,599
112400,0.407,0.12866,-562.0,5.2,598
112500,0.406,0.128,-593.2,5.2,598
112600,0.406,0.12842,-624.9,5.2,598
112700,0.405,0.1276,-653.8,5.2,598
112800,0.405,0.12803,-710.9,5.2,598
112900,0.404,0.12762,-646.1,5.2,597
113000,0.404,0.12658,-723.0,5.2,597
113100,0.403,0.12862,-707.8,5.2,597
113200,0.403,0.12948,-759.8,5.2,597
113300,0.402,0.1295,-728.2,5.2,597
113400,0.401,0.12981,-707.7,5.2,596
113500,0.401,0.13055,-614.6,5.2,596
113600,0.4,0.13076,-609.0,5.2,596
113700,0.4,0.13284,-558.2,5.2,596
113800,0.399,0.13029,-603.6,5.2,596
113900,0.399,0.12903,-589.3,5.2,595
114000,0.398,0.12935,-558.0,5.2,595
114100,0.398,0.12641,-451.4,5.2,595
114200,0.397,0.12669,-398.4,5.2,595
114300,0.397,0.12838,-446.8,5.2,595
114400,0.396,0.12805,-417.9,5.2,594
114500,0.396,0.12688,-375.8,5.2,594
114600,0.395,0.12902,-354.2,5.2,594
114700,0.395,0.12687,-355.0,5.2,594
114800,0.394,0.12595,-326.4,5.2,594
114900,0.394,0.12542,-390.4,5.2,593
115000,0.393,0.12834,-308.5,5.2,593
115100,0.393,0.12984,-240.3,5.2,593
115200,0.392,0.13047,-191.2,5.2,593
115300,0.391,0.13068,-222.8,5.2,593
115400,0.391,0.13009,-203.8,5.2,592
115500,0.39,0.12972,-210.3,5.2,592
115600,0.39,0.12972,-145.4,5.2,592
115700,0.389,0.13278,-117.3,5.2,592
115800,0.389,0.13006,-92.9,5.2,592
115900,0.388,0.12894,-125.4,5.2,591
116000,0.388,0.12881,-85.5,5.2,591
116100,0.387,0.12736,-143.4,5.2,591
116200,0.387,0.12527,-201.0,5.2,591
116300,0.386,0.12424,-122.8,5.2,591
116400,0.386,0.12608,-93.8,5.2,590
116500,0.385,0.12597,-49.8,5.2,590
116600,0.385,0.12591,-43.1,5.2,590
116700,0.384,0.12643,-41.8,5.2,590
116800,0.384,0.12498,-137.4,5.2,589
116900,0.383,0.12532,-92.7,5.2,589
117000,0.382,0.12696,-116.2,5.2,589
117100,0.382,0.12641,-168.6,5.2,589
117200,0.381,0.12581,-215.1,5.2,589
117300,0.381,0.12734,-199.0,5.2,588
117400,0.38,0.13049,-180.8,5.2,588
117500,0.38,0.12953,-196.2,5.2,588
117600,0.379,0.12741,-232.4,5.2,588
117700,0.379,0.12878,-192.6,5.2,588
117800,0.378,0.12753,-201.0,5.2,587
117900,0.378,0.12916,-119.5,5.2,587
118000,0.377,0.12969,-173.6,5.2,587
118100,0.377,0.13273,-129.4,5.2,587
118200,0.376,0.13241,-105.7,5.2,587
118300,0.376,0.12974,-81.8,5.2,586
118400,0.375,0.13143,-41.8,5.2,586
118500,0.375,0.13137,-133.0,5.2,586
118600,0.374,0.12989,-91.6,5.2,586
118700,0.374,0.13084,-78.9,5.2,585
118800,0.373,0.12976,51.8,5.2,585
118900,0.372,0.12865,-23.9,5.2,585
119000,0.372,0.12944,3.0,5.2,585
119100,0.371,0.12944,-10.1,5.2,585
119200,0.371,0.12849,0.7,5.2,584
119300,0.37,0.12782,-48.2,5.2,584
119400,0.37,0.1279,-33.5,5.2,584
119500,0.369,0.12799,-27.8,5.2,584
119600,0.369,0.12888,-1.4,5.2,584
119700,0.368,0.12838,-74.4,5.2,583
119800,0.368,0.12815,-46.9,5.2,583
119900,0.367,0.12755,-127.4,5.1,583
120000,0.367,0.12902,-81.3,5.1,583
120100,0.366,0.12714,-100.9,5.1,584
120200,0.366,0.12554,-91.5,5.1,584
120300,0.365,0.12567,-155.5,5.1,584
120400,0.365,0.12522,-202.0,5.1,584
120500,0.364,0.12669,-89.5,5.1,583
120600,0.364,0.12418,-179.0,5.1,583
120700,0.363,0.12465,-196.8,5.1,583
120800,0.362,0.12341,-209.4,5.1,583
120900,0.362,0.1249,-122.2,5.1,582
121000,0.361,0.12692,-135.3,5.1,582
121100,0.361,0.12364,-131.9,5.1,582
121200,0.36,0.12509,-136.1,5.1,582
121300,0.36,0.12338,-148.8,5.1,582
121400,0.359,0.12121,-200.6,5.1,581
121500,0.359,0.12187,-245.1,5.1,581
121600,0.358,0.12451,-267.0,5.1,581
121700,0.358,0.1251,-249.5,5.1,581
121800,0.357,0.12236,-309.1,5.1,580
121900,0.357,0.12412,-251.8,5.1,580
122000,0.356,0.12449,-247.8,5.1,580
122100,0.356,0.12689,-189.3,5.1,580
122200,0.355,0.13016,-249.7,5.1,579
122300,0.355,0.12886,-173.3,5.1,579
122400,0.354,0.12774,-118.3,5.1,579
122500,0.353,0.1269,-226.1,5.1,579
122600,0.353,0.1265,-135.2,5.1,579
122700,0.352,0.12805,-106.7,5.1,578
122800,0.352,0.12613,-67.8,5.1,578
122900,0.351,0.12458,-130.8,5.1,578
123000,0.351,0.12559,-161.5,5.1,578
123100,0.35,0.12752,-152.3,5.1,577
123200,0.35,0.12618,-136.9,5.1,577
123300,0.349,0.1263,-55.0,5.1,577
123400,0.349,0.12745,-26.8,5.1,577
123500,0.348,0.12718,-74.0,5.1,577
123600,0.348,0.12681,-131.6,5.1,576
123700,0.347,0.12655,-50.2,5.1,576
123800,0.347,0.12253,-77.6,5.1,576
123900,0.346,0.12388,-119.0,5.1,576
124000,0.346,0.12437,-145.9,5.1,576
124100,0.345,0.12449,-230.9,5.1,575
124200,0.345,0.12555,-156.7,5.1,575
124300,0.344,0.12633,-168.5,5.1,575
124400,0.343,0.12647,-203.4,5.1,575
124500,0.343,0.1253,-199.0,5.1,574
124600,0.342,0.12735,-241.2,5.1,574
124700,0.342,0.13209,-272.6,5.1,574
124800,0.341,0.12963,-326.2,5.1,574
124900,0.341,0.12751,-335.0,5.1,573
125000,0.34,0.12839,-306.0,5.1,573
125100,0.34,0.12595,-339.2,5.1,573
125200,0.339,0.1234,-378.8,5.1,573
125300,0.339,0.126,-394.6,5.1,573
125400,0.338,0.12815,-360.8,5.1,572
125500,0.338,0.12468,-210.0,5.1,572
125600,0.337,0.12525,-210.8,5.1,572
125700,0.337,0.12663,-332.5,5.1,572
125800,0.336,0.12564,-296.1,5.1,571
125900,0.336,0.12559,-339.4,5.1,571
126000,0.335,0.12846,-309.1,5.1,571
126100,0.334,0.12758,-265.2,5.1,571
126200,0.334,0.12625,-287.4,5.1,570
126300,0.333,0.12554,-337.1,5.1,570
126400,0.333,0.12775,-377.8,5.1,570
126500,0.332,0.12661,-331.1,5.1,570
126600,0.332,0.1262,-321.5,5.1,570
126700,0.331,0.12561,-299.1,5.1,569
126800,0.331,0.12542,-334.9,5.1,569
126900,0.33,0.12452,-319.8,5.1,569
127000,0.33,0.12524,-310.1,5.1,569
127100,0.329,0.12502,-320.3,5.1,568
127200,0.329,0.12509,-280.5,5.1,568
127300,0.328,0.1229,-263.4,5.1,568
127400,0.328,0.1252,-306.4,5.1,568
127500,0.327,0.12557,-400.1,5.1,567
127600,0.327,0.12233,-331.3,5.1,567
127700,0.326,0.12262,-268.2,5.1,567
127800,0.326,0.12365,-311.6,5.1,567
127900,0.325,0.12307,-259.3,5.1,566
128000,0.324,0.12354,-306.2,5.1,566
128100,0.324,0.12318,-304.4,5.1,566
128200,0.323,0.12252,-361.0,5.1,566
128300,0.323,0.12204,-374.2,5.1,566
128400,0.322,0.12348,-332.9,5.1,565
128500,0.322,0.12328,-308.6,5.1,565
128600,0.321,0.12246,-280.7,5.1,565
128700,0.321,0.12333,-258.4,5.1,565
128800,0.32,0.12222,-251.1,5.1,564
128900,0.32,0.12114,-151.3,5.1,564
129000,0.319,0.1224,-144.3,5.1,564
129100,0.319,0.12247,-124.2,5.1,564
129200,0.318,0.12464,-130.4,5.1,563
129300,0.318,0.12434,-143.5,5.1,563
129400,0.317,0.12279,-94.8,5.1,563
129500,0.317,0.12469,-86.3,5.1,563
129600,0.316,0.12435,-81.9,5.0,562
129700,0.315,0.12287,-150.6,5.0,562
129800,0.315,0.12252,-137.4,5.0,562
129900,0.314,0.12119,-145.0,5.0,562
130000,0.314,0.12113,-92.4,5.0,561
130100,0.313,0.12099,-103.1,5.0,563
130200,0.313,0.12122,-7.7,5.0,562
130300,0.312,0.12208,23.2,5.0,562
130400,0.312,0.12272,-24.1,5.0,562
130500,0.311,0.12339,-33.6,5.0,562
130600,0.311,0.12216,-30.9,5.0,561
130700,0.31,0.12127,-24.2,5.0,561
130800,0.31,0.12343,18.1,5.0,561
130900,0.309,0.12351,-0.4,5.0,561
131000,0.309,0.12259,-60.3,5.0,560
131100,0.308,0.12375,-45.6,5.0,560
131200,0.308,0.12287,-57.3,5.0,560
131300,0.307,0.12281,-91.3,5.0,560
131400,0.306,0.12281,-115.3,5.0,559
131500,0.306,0.12359,-98.3,5.0,559
131600,0.305,0.11902,-114.5,5.0,559
131700,0.305,0.11817,-72.5,5.0,559
131800,0.304,0.11989,-72.3,5.0,558
131900,0.304,0.11904,-26.2,5.0,558
132000,0.303,0.12032,-47.4,5.0,558
132100,0.303,0.12103,-50.9,5.0,558
132200,0.302,0.11965,-111.9,5.0,557
132300,0.302,0.12133,-115.6,5.0,557
132400,0.301,0.12154,-94.3,5.0,557
132500,0.301,0.12016,-134.3,5.0,557
132600,0.3,0.11984,-175.9,5.0,556
132700,0.3,0.12204,-205.0,5.0,556
132800,0.299,0.12192,-185.2,5.0,556
132900,0.299,0.12167,-254.9,5.0,556
133000,0.298,0.12212,-229.9,5.0,555
133100,0.298,0.12537,-243.6,5.0,555
133200,0.297,0.12362,-197.0,5.0,555
133300,0.296,0.12273,-191.7,5.0,555
133400,0.296,0.12375,-188.2,5.0,554
133500,0.295,0.12247,-229.2,5.0,554
133600,0.295,0.12286,-235.4,5.0,554
133700,0.294,0.12546,-263.5,5.0,554
133800,0.294,0.12619,-223.8,5.0,553
133900,0.293,0.12461,-238.5,5.0,553
134000,0.293,0.12257,-223.3,5.0,553
134100,0.292,0.12331,-278.9,5.0,553
134200,0.292,0.12253,-237.3,5.0,552
134300,0.291,0.12276,-257.0,5.0,552
134400,0.291,0.12461,-193.3,5.0,552
134500,0.29,0.12545,-141.1,5.0,552
134600,0.29,0.12212,-113.0,5.0,552
134700,0.289,0.12231,-107.8,5.0,551
134800,0.289,0.12271,-170.6,5.0,551
134900,0.288,0.12236,-164.6,5.0,551
135000,0.287,0.12349,-214.4,5.0,550
135100,0.287,0.1224,-220.4,5.0,550
135200,0.286,0.1213,-290.0,5.0,550
135300,0.286,0.12137,-311.5,5.0,550
135400,0.285,0.12145,-314.7,5.0,549
135500,0.285,0.11974,-273.6,5.0,549
135600,0.284,0.11829,-293.1,5.0,549
135700,0.284,0.12048,-296.6,5.0,549
135800,0.283,0.12252,-301.3,5.0,548
135900,0.283,0.12036,-288.9,5.0,548
136000,0.282,0.12011,-305.8,5.0,548
136100,0.282,0.12286,-315.3,5.0,548
136200,0.281,0.12237,-323.4,5.0,547
136300,0.281,0.12068,-317.2,5.0,547
136400,0.28,0.12177,-344.6,5.0,547
136500,0.28,0.12176,-391.9,5.0,547
136600,0.279,0.12125,-404.5,5.0,546
136700,0.279,0.1209,-375.3,5.0,546
136800,0.278,0.1223,-363.8,5.0,546
136900,0.277,0.12315,-374.1,5.0,546
137000,0.277,0.12204,-314.7,5.0,545
137100,0.276,0.12069,-311.3,5.0,545
137200,0.276,0.12086,-269.6,5.0,545
137300,0.275,0.12126,-285.8,5.0,545
137400,0.275,0.12032,-245.8,5.0,544
137500,0.274,0.11862,-243.8,5.0,544
137600,0.274,0.11662,-231.7,5.0,544
137700,0.273,0.11761,-267.6,5.0,544
137800,0.273,0.11971,-211.8,5.0,543
137900,0.272,0.1221,-215.9,5.0,543
138000,0.272,0.11908,-226.7,5.0,543
138100,0.271,0.11869,-170.8,5.0,543
138200,0.271,0.11937,-77.2,5.0,542
138300,0.27,0.11878,15.7,5.0,542
138400,0.27,0.11949,85.3,5.0,542
138500,0.269,0.11851,78.9,5.0,541
138600,0.268,0.11666,31.6,5.0,541
138700,0.268,0.11602,41.3,5.0,541
138800,0.267,0.11782,53.3,5.0,541
138900,0.267,0.11779,54.1,5.0,540
139000,0.266,0.11648,24.3,5.0,540
139100,0.266,0.11468,44.8,5.0,540
139200,0.265,0.11342,48.0,5.0,540
139300,0.265,0.11323,105.3,5.0,539
139400,0.264,0.11522,14.5,5.0,539
139500,0.264,0.11636,42.9,5.0,539
139600,0.263,0.11627,51.0,5.0,539
139700,0.263,0.11865,63.7,5.0,538
139800,0.262,0.11927,-20.4,5.0,538
139900,0.262,0.11944,-3.6,5.0,538
140000,0.261,0.11814,45.7,5.0,538
140100,0.261,0.11803,13.4,4.9,539
140200,0.26,0.1184,-160.4,4.9,538
140300,0.26,0.11706,-224.4,4.9,538
140400,0.259,0.11729,-334.7,4.9,538
140500,0.258,0.11868,-293.5,4.9,538
140600,0.258,0.11568,-232.4,4.9,537
140700,0.257,0.11655,-271.7,4.9,537
140800,0.257,0.11628,-294.6,4.9,537
140900,0.256,0.11563,-353.1,4.9,536
141000,0.256,0.11586,-329.2,4.9,536
141100,0.255,0.11662,-327.6,4.9,536
141200,0.255,0.11708,-381.4,4.9,536
141300,0.254,0.11617,-395.3,4.9,535
141400,0.254,0.11689,-396.5,4.9,535
141500,0.253,0.11945,-484.6,4.9,535
141600,0.253,0.11879,-477.5,4.9,535
141700,0.252,0.11766,-400.9,4.9,534
141800,0.252,0.11942,-398.0,4.9,534
141900,0.251,0.11814,-435.8,4.9,534
142000,0.251,0.11798,-479.3,4.9,534
142100,0.25,0.11834,-369.4,4.9,533
142200,0.25,0.11868,-262.7,4.9,533
142300,0.249,0.12007,-237.1,4.9,533
142400,0.248,0.12218,-244.3,4.9,532
142500,0.248,0.1228,-243.8,4.9,532
142600,0.247,0.1204,-266.2,4.9,532
142700,0.247,0.11805,-258.9,4.9,532
142800,0.246,0.12029,-240.7,4.9,531
142900,0.246,0.12119,-209.7,4.9,531
143000,0.245,0.11942,-192.8,4.9,531
143100,0.245,0.11963,-204.1,4.9,531
143200,0.244,0.11883,-171.4,4.9,530
143300,0.244,0.11704,-152.1,4.9,530
143400,0.243,0.11707,-183.5,4.9,530
143500,0.243,0.11725,-90.2,4.9,529
143600,0.242,0.1168,-55.0,4.9,529
143700,0.242,0.11343,-97.9,4.9,529
143800,0.241,0.11419,-15.4,4.9,529
143900,0.241,0.11701,-56.0,4.9,528
144000,0.24,0.11599,-51.9,4.9,528
144100,0.239,0.11558,-170.4,4.9,528
144200,0.239,0.11572,-181.5,4.9,528
144300,0.238,0.11504,-271.9,4.9,527
144400,0.238,0.11602,-271.3,4.9,527
144500,0.237,0.11619,-284.7,4.9,527
144600,0.237,0.11566,-285.3,4.9,527
144700,0.236,0.11753,-326.0,4.9,526
144800,0.236,0.11846,-296.8,4.9,526
144900,0.235,0.11768,-240.5,4.9,526
145000,0.235,0.11655,-250.2,4.9,525
145100,0.234,0.11744,-328.4,4.9,525
145200,0.234,0.11774,-305.4,4.9,525
145300,0.233,0.11827,-337.0,4.9,525
145400,0.233,0.11997,-195.7,4.9,524
145500,0.232,0.1173,-228.8,4.9,524
145600,0.232,0.11537,-304.7,4.9,524
145700,0.231,0.11696,-234.3,4.9,524
145800,0.231,0.11851,-289.6,4.9,523
145900,0.23,0.12094,-199.0,4.9,523
146000,0.229,0.12085,-183.5,4.9,523
146100,0.229,0.11886,-123.5,4.9,522
146200,0.228,0.11772,-129.4,4.9,522
146300,0.228,0.12037,-93.5,4.9,522
146400,0.227,0.11897,-58.2,4.9,522
146500,0.227,0.11806,-5.7,4.9,521
146600,0.226,0.11805,-11.5,4.9,521
146700,0.226,0.11777,9.2,4.9,521
146800,0.225,0.11784,-62.1,4.9,520
146900,0.225,0.11969,-54.5,4.9,520
147000,0.224,0.1186,-62.3,4.9,520
147100,0.224,0.11691,46.3,4.9,520
147200,0.223,0.11891,45.7,4.9,519
147300,0.223,0.11909,108.2,4.9,519
147400,0.222,0.11839,43.3,4.9,519
147500,0.222,0.11658,70.7,4.9,519
147600,0.221,0.11564,80.6,4.9,518
147700,0.22,0.11889,-0.8,4.9,518
147800,0.22,0.11809,-25.7,4.9,518
147900,0.219,0.11507,-93.6,4.9,517
148000,0.219,0.1168,-119.0,4.9,517
148100,0.218,0.11583,-149.9,4.9,517
148200,0.218,0.11561,-145.3,4.9,517
148300,0.217,0.11569,-144.8,4.9,516
148400,0.217,0.11323,-118.1,4.9,516
148500,0.216,0.11417,-173.0,4.9,516
148600,0.216,0.11342,-155.2,4.9,515
148700,0.215,0.11087,-194.3,4.9,515
148800,0.215,0.1106,-105.9,4.9,515
148900,0.214,0.11155,-130.4,4.9,515
149000,0.214,0.11254,-150.3,4.9,514
149100,0.213,0.11328,-205.2,4.9,514
149200,0.213,0.11361,-230.1,4.9,514
149300,0.212,0.11398,-312.9,4.9,513
149400,0.212,0.114,-317.4,4.9,513
149500,0.211,0.11439,-288.9,4.9,513
149600,0.21,0.11513,-223.2,4.9,513
149700,0.21,0.11449,-167.6,4.9,512
149800,0.209,0.1136,-147.9,4.9,512
149900,0.209,0.11392,-49.5,4.9,512
150000,0.208,0.11425,-14.1,4.9,512
150100,0.208,0.11469,12.3,4.9,512
150200,0.207,0.11499,-5.7,4.9,512
150300,0.207,0.1139,64.2,4.9,512
150400,0.206,0.11474,-17.1,4.9,511
150500,0.206,0.11343,32.3,4.9,511
150600,0.205,0.1116,-4.9,4.9,511
150700,0.205,0.11387,75.8,4.9,511
150800,0.204,0.11494,6.2,4.9,510
150900,0.204,0.11494,-11.9,4.9,510
151000,0.203,0.11299,29.9,4.9,510
151100,0.203,0.11108,71.0,4.9,509
151200,0.202,0.11094,74.9,4.9,509
151300,0.201,0.11118,112.9,4.9,509
151400,0.201,0.11127,106.7,4.9,509
151500,0.2,0.11084,30.6,4.9,508
151600,0.2,0.11172,5.9,4.9,508
151700,0.199,0.11181,0.9,4.9,508
151800,0.199,0.1133,0.5,4.9,507
151900,0.198,0.11413,-18.4,4.9,507
152000,0.198,0.1134,-74.9,4.9,507
152100,0.197,0.11391,-104.9,4.9,507
152200,0.197,0.11452,-126.0,4.9,506
152300,0.196,0.1147,-171.1,4.9,506
152400,0.196,0.11388,-123.2,4.9,506
152500,0.195,0.11195,-144.4,4.9,505
152600,0.195,0.11318,-78.7,4.9,505
152700,0.194,0.11186,-130.9,4.9,505
152800,0.194,0.11189,-94.1,4.9,505
152900,0.193,0.11036,14.9,4.9,504
153000,0.193,0.11234,-1.3,4.9,504
153100,0.192,0.11439,26.5,4.9,504
153200,0.191,0.11334,19.4,4.9,503
153300,0.191,0.11204,62.7,4.9,503
153400,0.19,0.11302,60.3,4.9,503
153500,0.19,0.11181,105.6,4.9,503
153600,0.189,0.11127,74.6,4.9,502
153700,0.189,0.11147,98.1,4.9,502
153800,0.188,0.11246,134.8,4.9,502
153900,0.188,0.11415,123.5,4.9,502
154000,0.187,0.11273,154.6,4.9,501
154100,0.187,0.11198,134.8,4.9,501
154200,0.186,0.11352,145.9,4.9,501
154300,0.186,0.11209,114.5,4.9,500
154400,0.185,0.11161,140.1,4.9,500
154500,0.185,0.11265,161.5,4.9,500
154600,0.184,0.11288,126.2,4.9,500
154700,0.184,0.11247,115.1,4.9,499
154800,0.183,0.11054,129.2,4.8,499
154900,0.182,0.1105,38.0,4.8,499
155000,0.182,0.11107,45.6,4.8,498
155100,0.181,0.11015,24.7,4.8,498
155200,0.181,0.11098,54.4,4.8,498
155300,0.18,0.11114,19.7,4.8,498
155400,0.18,0.11201,38.1,4.8,497
155500,0.179,0.11328,1.4,4.8,497
155600,0.179,0.11128,-53.1,4.8,497
155700,0.178,0.11175,-67.7,4.8,496
155800,0.178,0.1109,-57.7,4.8,496
155900,0.177,0.11036,-30.8,4.8,496
156000,0.177,0.1118,14.6,4.8,495
156100,0.176,0.11441,16.6,4.8,495
156200,0.176,0.11272,4.4,4.8,495
156300,0.175,0.11311,-4.2,4.8,495
156400,0.175,0.11391,-72.7,4.8,494
156500,0.174,0.11337,-130.8,4.8,494
156600,0.173,0.11355,-108.6,4.8,494
156700,0.173,0.11174,-43.7,4.8,493
156800,0.172,0.11318,-75.7,4.8,493
156900,0.172,0.11488,-54.1,4.8,493
157000,0.171,0.11126,-30.7,4.8,493
157100,0.171,0.11103,-47.0,4.8,492
157200,0.17,0.11278,-48.0,4.8,492
157300,0.17,0.11503,-63.4,4.8,492
157400,0.169,0.11626,-49.9,4.8,491
157500,0.169,0.11515,1.7,4.8,491
157600,0.168,0.11312,54.9,4.8,491
157700,0.168,0.11357,-23.0,4.8,490
157800,0.167,0.114,-99.9,4.8,490
157900,0.167,0.11413,-197.6,4.8,490
158000,0.166,0.11297,-203.7,4.8,490
158100,0.166,0.11306,-130.8,4.8,489
158200,0.165,0.11314,-61.0,4.8,489
158300,0.165,0.11222,3.6,4.8,489
158400,0.164,0.11019,81.4,4.8,488
158500,0.163,0.11094,83.3,4.8,488
158600,0.163,0.11444,72.5,4.8,488
158700,0.162,0.11501,29.9,4.8,488
158800,0.162,0.11399,34.4,4.8,487
158900,0.161,0.11243,-41.8,4.8,487
159000,0.161,0.11287,-50.8,4.8,487
159100,0.16,0.11113,-23.4,4.8,486
159200,0.16,0.10974,14.8,4.8,486
159300,0.159,0.11022,49.6,4.8,486
159400,0.159,0.11123,-1.8,4.8,485
159500,0.158,0.11256,-28.1,4.8,485
159600,0.158,0.11218,42.0,4.8,485
159700,0.157,0.11101,65.7,4.8,485
159800,0.157,0.11263,60.2,4.8,484
159900,0.156,0.11484,76.8,4.8,484
160000,0.156,0.11326,63.4,4.8,484
160100,0.155,0.11234,-9.3,4.8,484
160200,0.154,0.11332,-60.5,4.8,484
160300,0.154,0.11205,-59.8,4.8,484
160400,0.153,0.1116,-102.6,4.8,483
160500,0.153,0.11187,-107.2,4.8,483
160600,0.152,0.10996,-131.2,4.8,483
160700,0.152,0.10892,-108.9,4.8,483
160800,0.151,0.11034,-79.9,4.8,482
160900,0.151,0.11128,0.1,4.8,482
161000,0.15,0.11037,-67.0,4.8,482
161100,0.15,0.10813,-119.6,4.8,481
161200,0.149,0.1069,-141.7,4.8,481
161300,0.149,0.10578,-162.2,4.8,481
161400,0.148,0.10737,-112.5,4.8,480
161500,0.148,0.11,-81.1,4.8,480
161600,0.147,0.11072,-129.9,4.8,480
161700,0.147,0.11326,-100.6,4.8,480
161800,0.146,0.11211,-54.1,4.8,479
161900,0.146,0.11255,3.3,4.8,479
162000,0.145,0.11436,-3.1,4.8,479
162100,0.144,0.1131,-25.8,4.8,478
162200,0.144,0.11048,8.1,4.8,478
162300,0.143,0.11066,-14.3,4.8,478
162400,0.143,0.11152,23.0,4.8,477
162500,0.142,0.11192,18.8,4.8,477
162600,0.142,0.11002,46.9,4.8,477
162700,0.141,0.10899,55.6,4.8,477
162800,0.141,0.10864,39.0,4.8,476
162900,0.14,0.10896,25.3,4.8,476
163000,0.14,0.10868,58.3,4.8,476
163100,0.139,0.10714,73.6,4.8,475
163200,0.139,0.10875,26.5,4.8,475
163300,0.138,0.10671,-21.6,4.8,475
163400,0.138,0.10612,-27.0,4.8,474
163500,0.137,0.10819,-63.0,4.8,474
163600,0.137,0.10707,-99.0,4.8,474
163700,0.136,0.10779,-151.8,4.8,474
163800,0.135,0.10835,-191.9,4.8,473
163900,0.135,0.10759,-227.4,4.8,473
164000,0.134,0.10745,-190.5,4.8,473
164100,0.134,0.10775,-113.5,4.8,472
164200,0.133,0.10625,-123.2,4.8,472
164300,0.133,0.10666,-162.7,4.8,472
164400,0.132,0.10734,-220.4,4.8,471
164500,0.132,0.1075,-187.9,4.8,471
164600,0.131,0.1069,-146.0,4.8,471
164700,0.131,0.10699,-221.9,4.8,470
164800,0.13,0.10917,-242.3,4.8,470
164900,0.13,0.10765,-200.4,4.8,470
165000,0.129,0.10701,-238.1,4.8,470
165100,0.129,0.10839,-200.9,4.8,469
165200,0.128,0.10816,-167.3,4.8,469
165300,0.128,0.10887,-155.4,4.8,469
165400,0.127,0.10733,-136.7,4.8,468
165500,0.127,0.10741,-159.3,4.8,468
165600,0.126,0.10773,-128.2,4.8,468
165700,0.125,0.10669,-73.9,4.8,467
165800,0.125,0.10783,-13.8,4.8,467
165900,0.124,0.10824,-7.0,4.8,467
166000,0.124,0.11112,-62.3,4.8,467
166100,0.123,0.10867,-80.0,4.8,466
166200,0.123,0.10793,-83.2,4.8,466
166300,0.122,0.10608,-24.2,4.8,466
166400,0.122,0.10646,1.3,4.8,465
166500,0.121,0.10519,-27.7,4.8,465
166600,0.121,0.10678,-111.4,4.8,465
166700,0.12,0.10947,-68.1,4.8,464
166800,0.12,0.111,-71.8,4.8,464
166900,0.119,0.11031,-81.7,4.8,464
167000,0.119,0.10885,-59.7,4.8,463
167100,0.118,0.10658,-80.4,4.8,463
167200,0.118,0.10536,-93.5,4.8,463
167300,0.117,0.10485,-60.8,4.8,463
167400,0.117,0.10527,-75.2,4.8,462
167500,0.116,0.10598,-31.8,4.8,462
167600,0.115,0.10172,-16.1,4.8,462
167700,0.115,0.10131,-22.6,4.8,461
167800,0.114,0.10321,-17.7,4.8,461
167900,0.114,0.10395,-34.2,4.8,461
168000,0.113,0.10388,8.6,4.8,460
168100,0.113,0.10218,34.2,4.8,460
168200,0.112,0.1037,77.2,4.8,460
168300,0.112,0.10434,23.7,4.8,460
168400,0.111,0.10482,-6.2,4.8,459
168500,0.111,0.10391,21.9,4.8,459
168600,0.11,0.10506,16.5,4.8,459
168700,0.11,0.10759,41.3,4.8,458
168800,0.109,0.10703,46.0,4.8,458
168900,0.109,0.10499,87.7,4.8,458
169000,0.108,0.10392,73.8,4.8,457
169100,0.108,0.10476,129.1,4.8,457
169200,0.107,0.10577,122.5,4.8,457
169300,0.106,0.10508,164.2,4.8,456
169400,0.106,0.10626,138.9,4.8,456
169500,0.105,0.1063,92.6,4.8,456
169600,0.105,0.10539,91.5,4.8,456
169700,0.104,0.10449,36.0,4.8,455
169800,0.104,0.1052,-15.5,4.8,455
169900,0.103,0.10394,-4.8,4.8,455
170000,0.103,0.1052,-0.7,4.8,454
170100,0.102,0.10627,-50.2,4.8,455
170200,0.102,0.10692,-63.2,4.8,455
170300,0.101,0.10868,4.4,4.8,454
170400,0.101,0.10781,41.8,4.8,454
170500,0.1,0.10651,1.9,4.8,454
170600,0.1,0.10651,62.7,4.8,453
170700,0.099,0.10541,105.7,4.8,453
170800,0.099,0.10582,114.9,4.8,453
170900,0.098,0.10626,64.3,4.8,452
171000,0.098,0.10692,93.5,4.8,452
171100,0.097,0.10528,-1.6,4.8,452
171200,0.096,0.10452,-14.6,4.8,451
171300,0.096,0.10418,-50.6,4.8,451
171400,0.095,0.10429,-55.0,4.8,451
171500,0.095,0.10367,6.7,4.8,451
171600,0.094,0.10231,3.1,4.8,450
171700,0.094,0.10182,88.3,4.8,450
171800,0.093,0.10326,67.1,4.8,450
171900,0.093,0.10243,21.9,4.8,449
172000,0.092,0.10437,-62.8,4.8,449
172100,0.092,0.10545,-86.3,4.8,449
172200,0.091,0.10728,-124.1,4.8,448
172300,0.091,0.10722,-150.9,4.8,448
172400,0.09,0.10424,-122.4,4.8,448
172500,0.09,0.10595,-96.9,4.7,447
172600,0.089,0.10548,-128.3,4.7,447
172700,0.089,0.10489,-221.7,4.7,447
172800,0.088,0.10555,-206.2,4.7,446
172900,0.087,0.1048,-168.1,4.7,446
173000,0.087,0.10423,-152.6,4.7,446
173100,0.086,0.10737,-131.1,4.7,446
173200,0.086,0.10905,-87.5,4.7,445
173300,0.085,0.10993,-49.1,4.7,445
173400,0.085,0.10617,-12.7,4.7,445
173500,0.084,0.10568,-20.6,4.7,444
173600,0.084,0.10657,-58.8,4.7,444
173700,0.083,0.10768,-52.6,4.7,444
173800,0.083,0.10772,14.0,4.7,443
173900,0.082,0.10651,54.8,4.7,443
174000,0.082,0.10767,144.7,4.7,443
174100,0.081,0.10699,163.7,4.7,442
174200,0.081,0.10611,182.3,4.7,442
174300,0.08,0.10588,204.2,4.7,442
174400,0.08,0.10528,180.9,4.7,441
174500,0.079,0.10625,204.1,4.7,441
174600,0.079,0.10558,213.5,4.7,441
174700,0.078,0.10511,275.5,4.7,441
174800,0.077,0.10559,262.3,4.7,440
174900,0.077,0.10612,209.6,4.7,440
175000,0.076,0.107,177.1,4.7,440
175100,0.076,0.10836,168.7,4.7,439
175200,0.075,0.10768,153.2,4.7,439
175300,0.075,0.10651,88.7,4.7,439
175400,0.074,0.10651,6.9,4.7,438
175500,0.074,0.10723,-1.0,4.7,438
175600,0.073,0.10706,39.1,4.7,438
175700,0.073,0.10603,-17.5,4.7,437
175800,0.072,0.10643,-88.3,4.7,437
175900,0.072,0.10756,-116.7,4.7,437
176000,0.071,0.10752,-179.2,4.7,436
176100,0.071,0.10452,-209.6,4.7,436
176200,0.07,0.10254,-240.9,4.7,436
176300,0.07,0.10229,-279.6,4.7,436
176400,0.069,0.1032,-269.0,4.7,435
176500,0.068,0.10374,-274.2,4.7,435
176600,0.068,0.10264,-278.4,4.7,435
176700,0.067,0.10322,-332.4,4.7,434
176800,0.067,0.10256,-294.5,4.7,434
176900,0.066,0.10226,-283.8,4.7,434
177000,0.066,0.10209,-241.8,4.7,433
177100,0.065,0.10095,-182.1,4.7,433
177200,0.065,0.10228,-145.2,4.7,433
177300,0.064,0.1017,-92.8,4.7,432
177400,0.064,0.10238,-12.7,4.7,432
177500,0.063,0.10241,-80.6,4.7,432
177600,0.063,0.10276,-97.6,4.7,431
177700,0.062,0.10117,-33.4,4.7,431
177800,0.062,0.103,-3.1,4.7,431
177900,0.061,0.10046,32.8,4.7,431
178000,0.061,0.10193,38.4,4.7,430
178100,0.06,0.10294,59.0,4.7,430
178200,0.059,0.10316,83.0,4.7,430
178300,0.059,0.10437,86.4,4.7,429
178400,0.058,0.10217,83.5,4.7,429
178500,0.058,0.10147,140.5,4.7,429
178600,0.057,0.10301,139.3,4.7,428
178700,0.057,0.10439,189.1,4.7,428
178800,0.056,0.1016,149.3,4.7,428
178900,0.056,0.10103,53.8,4.7,427
179000,0.055,0.10337,48.1,4.7,427
179100,0.055,0.10188,-15.2,4.7,427
179200,0.054,0.1002,-66.8,4.7,426
179300,0.054,0.1009,-83.0,4.7,426
179400,0.053,0.10087,-87.9,4.7,426
179500,0.053,0.10222,-81.3,4.7,425
179600,0.052,0.10409,-86.2,4.7,425
179700,0.052,0.10307,-112.9,4.7,425
179800,0.051,0.10331,-92.4,4.7,424
179900,0.051,0.10339,-65.1,4.7,424
180000,0.05,0.10374,-13.5,4.7,424
180100,0.05,0.10544,21.8,4.7,424
180200,0.05,0.10508,54.6,4.7,424
180300,0.05,0.10438,69.0,4.7,424
180400,0.05,0.10153,45.4,4.7,423
180500,0.05,0.10084,-27.4,4.7,423
180600,0.05,0.10023,-18.0,4.7,423
180700,0.05,0.09922,-23.6,4.7,422
180800,0.05,0.09764,-9.4,4.7,422
180900,0.05,0.09842,101.8,4.7,422
181000,0.05,0.09748,179.2,4.7,421
181100,0.05,0.09641,198.0,4.7,421
181200,0.05,0.09734,211.4,4.7,421
181300,0.05,0.0963,281.9,4.7,420
181400,0.05,0.09562,302.3,4.7,420
181500,0.05,0.09458,340.5,4.7,420
181600,0.05,0.09509,356.9,4.7,419
181700,0.05,0.09594,354.5,4.7,419
181800,0.05,0.09563,366.5,4.7,419
181900,0.05,0.09667,341.3,4.7,419
182000,0.05,0.09691,298.2,4.7,418
182100,0.05,0.09557,363.6,4.7,418
182200,0.05,0.09641,332.4,4.7,418
182300,0.05,0.09658,428.4,4.7,417
182400,0.05,0.09549,524.9,4.7,417
182500,0.05,0.09513,513.6,4.7,417
182600,0.05,0.09424,510.7,4.7,416
182700,0.05,0.09231,487.7,4.7,416
182800,0.05,0.09149,498.3,4.7,416
182900,0.05,0.09193,490.2,4.7,415
183000,0.05,0.09392,451.4,4.7,415
183100,0.05,0.09263,463.9,4.7,415
183200,0.05,0.09224,480.9,4.7,415
183300,0.05,0.09246,386.4,4.7,414
183400,0.05,0.0929,395.5,4.7,414
183500,0.05,0.09303,351.7,4.7,414
183600,0.05,0.09214,323.4,4.7,413
183700,0.05,0.09258,368.8,4.7,413
